source_html,host,url
page-audiovisual.html,www.youtube.com,https://www.youtube.com/channel/UCUqyv0K5bz3rEK5EPdZmsHg
page-biografia.html,www.youtube.com,https://www.youtube.com/channel/UCUqyv0K5bz3rEK5EPdZmsHg
page-canh_o-handball.html,www.youtube.com,https://www.youtube.com/channel/UCUqyv0K5bz3rEK5EPdZmsHg
page-contato.html,www.youtube.com,https://www.youtube.com/channel/UCUqyv0K5bz3rEK5EPdZmsHg
page-discografia.html,www.youtube.com,https://www.youtube.com/channel/UCUqyv0K5bz3rEK5EPdZmsHg
page-galeria.html,www.youtube.com,https://www.youtube.com/channel/UCUqyv0K5bz3rEK5EPdZmsHg
page-inicio.html,www.youtube.com,https://www.youtube.com/channel/UCUqyv0K5bz3rEK5EPdZmsHg
page-literatura.html,www.youtube.com,https://www.youtube.com/channel/UCUqyv0K5bz3rEK5EPdZmsHg
page-m_sicas.html,www.youtube.com,https://www.youtube.com/channel/UCUqyv0K5bz3rEK5EPdZmsHg
page-nilluslcantorlcompositorlpoetalmineiro.html,www.youtube.com,https://www.youtube.com/channel/UCUqyv0K5bz3rEK5EPdZmsHg
page-not_cias.html,open.spotify.com,https://open.spotify.com/album/44MFlJRSo50TTujHRiruQA
page-not_cias.html,www.youtube.com,https://www.youtube.com/watch?v=avoRudzhLBo
page-not_cias.html,www.youtube.com,https://www.youtube.com/channel/UCUqyv0K5bz3rEK5EPdZmsHg
page-teatro-cinema.html,www.youtube.com,https://www.youtube.com/channel/UCUqyv0K5bz3rEK5EPdZmsHg
