categoria,text,title,absolute_url,source_page,kind
Redes sociais,Este site foi criado no Wix. Crie o seu hoje. Começar,,https://pt.wix.com/lp-pt/website-builder?orig_msid=00e4fb46-4e03-4fc4-aee4-e172fbc3f77d&adsVersion=banner_2024,https://nillus2021.wixsite.com/website,external
Páginas internas Wix,,,https://nillus2021.wixsite.com/website,https://nillus2021.wixsite.com/website,internal
Páginas internas Wix,Início,,https://nillus2021.wixsite.com/website,https://nillus2021.wixsite.com/website,internal
Páginas internas Wix,Discografia,,https://nillus2021.wixsite.com/website/discografia,https://nillus2021.wixsite.com/website,internal
Páginas internas Wix,Músicas,,https://nillus2021.wixsite.com/website/músicas,https://nillus2021.wixsite.com/website,internal
Páginas internas Wix,Audiovisual,,https://nillus2021.wixsite.com/website/audiovisual,https://nillus2021.wixsite.com/website,internal
Páginas internas Wix,Mídias,,https://nillus2021.wixsite.com/website/notícias,https://nillus2021.wixsite.com/website,internal
Páginas internas Wix,Biografia,,https://nillus2021.wixsite.com/website/biografia,https://nillus2021.wixsite.com/website,internal
Páginas internas Wix,Galeria,,https://nillus2021.wixsite.com/website/galeria,https://nillus2021.wixsite.com/website,internal
Páginas internas Wix,Literatura,,https://nillus2021.wixsite.com/website/literatura,https://nillus2021.wixsite.com/website,internal
Páginas internas Wix,Prêmios,,https://nillus2021.wixsite.com/website/nilluslcantorlcompositorlpoetalmineiro,https://nillus2021.wixsite.com/website,internal
Páginas internas Wix,Teatro&Cinema,,https://nillus2021.wixsite.com/website/teatro-cinema,https://nillus2021.wixsite.com/website,internal
Páginas internas Wix,Canhão Handball,,https://nillus2021.wixsite.com/website/canhão-handball,https://nillus2021.wixsite.com/website,internal
Páginas internas Wix,Contato,,https://nillus2021.wixsite.com/website/contato,https://nillus2021.wixsite.com/website,internal
Redes sociais,,,https://www.facebook.com/nil.lus.5,https://nillus2021.wixsite.com/website,external
YouTube,,,https://www.youtube.com/channel/UCUqyv0K5bz3rEK5EPdZmsHg,https://nillus2021.wixsite.com/website,external
Redes sociais,,,https://www.instagram.com/nillusoficial/,https://nillus2021.wixsite.com/website,external
Páginas internas Wix,contato,,https://nillus2021.wixsite.com/website/contato,https://nillus2021.wixsite.com/website,internal
Redes sociais,Este site foi criado no Wix. Crie o seu hoje. Começar,,https://pt.wix.com/lp-pt/website-builder?orig_msid=00e4fb46-4e03-4fc4-aee4-e172fbc3f77d&adsVersion=banner_2024,https://nillus2021.wixsite.com/website/discografia,external
Páginas internas Wix,,,https://nillus2021.wixsite.com/website,https://nillus2021.wixsite.com/website/discografia,internal
Páginas internas Wix,Início,,https://nillus2021.wixsite.com/website,https://nillus2021.wixsite.com/website/discografia,internal
Páginas internas Wix,Discografia,,https://nillus2021.wixsite.com/website/discografia,https://nillus2021.wixsite.com/website/discografia,internal
Páginas internas Wix,Músicas,,https://nillus2021.wixsite.com/website/músicas,https://nillus2021.wixsite.com/website/discografia,internal
Páginas internas Wix,Audiovisual,,https://nillus2021.wixsite.com/website/audiovisual,https://nillus2021.wixsite.com/website/discografia,internal
Páginas internas Wix,Mídias,,https://nillus2021.wixsite.com/website/notícias,https://nillus2021.wixsite.com/website/discografia,internal
Páginas internas Wix,Biografia,,https://nillus2021.wixsite.com/website/biografia,https://nillus2021.wixsite.com/website/discografia,internal
Páginas internas Wix,Galeria,,https://nillus2021.wixsite.com/website/galeria,https://nillus2021.wixsite.com/website/discografia,internal
Páginas internas Wix,Literatura,,https://nillus2021.wixsite.com/website/literatura,https://nillus2021.wixsite.com/website/discografia,internal
Páginas internas Wix,Prêmios,,https://nillus2021.wixsite.com/website/nilluslcantorlcompositorlpoetalmineiro,https://nillus2021.wixsite.com/website/discografia,internal
Páginas internas Wix,Teatro&Cinema,,https://nillus2021.wixsite.com/website/teatro-cinema,https://nillus2021.wixsite.com/website/discografia,internal
Páginas internas Wix,Canhão Handball,,https://nillus2021.wixsite.com/website/canhão-handball,https://nillus2021.wixsite.com/website/discografia,internal
Páginas internas Wix,Contato,,https://nillus2021.wixsite.com/website/contato,https://nillus2021.wixsite.com/website/discografia,internal
Redes sociais,,,https://www.facebook.com/nil.lus.5,https://nillus2021.wixsite.com/website/discografia,external
YouTube,,,https://www.youtube.com/channel/UCUqyv0K5bz3rEK5EPdZmsHg,https://nillus2021.wixsite.com/website/discografia,external
Redes sociais,,,https://www.instagram.com/nillusoficial/,https://nillus2021.wixsite.com/website/discografia,external
Páginas internas Wix,contato,,https://nillus2021.wixsite.com/website/contato,https://nillus2021.wixsite.com/website/discografia,internal
Redes sociais,Este site foi criado no Wix. Crie o seu hoje. Começar,,https://pt.wix.com/lp-pt/website-builder?orig_msid=00e4fb46-4e03-4fc4-aee4-e172fbc3f77d&adsVersion=banner_2024,https://nillus2021.wixsite.com/website/m%C3%BAsicas,external
Páginas internas Wix,,,https://nillus2021.wixsite.com/website,https://nillus2021.wixsite.com/website/m%C3%BAsicas,internal
Páginas internas Wix,Início,,https://nillus2021.wixsite.com/website,https://nillus2021.wixsite.com/website/m%C3%BAsicas,internal
Páginas internas Wix,Discografia,,https://nillus2021.wixsite.com/website/discografia,https://nillus2021.wixsite.com/website/m%C3%BAsicas,internal
Páginas internas Wix,Músicas,,https://nillus2021.wixsite.com/website/músicas,https://nillus2021.wixsite.com/website/m%C3%BAsicas,internal
Páginas internas Wix,Audiovisual,,https://nillus2021.wixsite.com/website/audiovisual,https://nillus2021.wixsite.com/website/m%C3%BAsicas,internal
Páginas internas Wix,Mídias,,https://nillus2021.wixsite.com/website/notícias,https://nillus2021.wixsite.com/website/m%C3%BAsicas,internal
Páginas internas Wix,Biografia,,https://nillus2021.wixsite.com/website/biografia,https://nillus2021.wixsite.com/website/m%C3%BAsicas,internal
Páginas internas Wix,Galeria,,https://nillus2021.wixsite.com/website/galeria,https://nillus2021.wixsite.com/website/m%C3%BAsicas,internal
Páginas internas Wix,Literatura,,https://nillus2021.wixsite.com/website/literatura,https://nillus2021.wixsite.com/website/m%C3%BAsicas,internal
Páginas internas Wix,Prêmios,,https://nillus2021.wixsite.com/website/nilluslcantorlcompositorlpoetalmineiro,https://nillus2021.wixsite.com/website/m%C3%BAsicas,internal
Páginas internas Wix,Teatro&Cinema,,https://nillus2021.wixsite.com/website/teatro-cinema,https://nillus2021.wixsite.com/website/m%C3%BAsicas,internal
Páginas internas Wix,Canhão Handball,,https://nillus2021.wixsite.com/website/canhão-handball,https://nillus2021.wixsite.com/website/m%C3%BAsicas,internal
Páginas internas Wix,Contato,,https://nillus2021.wixsite.com/website/contato,https://nillus2021.wixsite.com/website/m%C3%BAsicas,internal
Redes sociais,,,https://www.facebook.com/nil.lus.5,https://nillus2021.wixsite.com/website/m%C3%BAsicas,external
YouTube,,,https://www.youtube.com/channel/UCUqyv0K5bz3rEK5EPdZmsHg,https://nillus2021.wixsite.com/website/m%C3%BAsicas,external
Redes sociais,,,https://www.instagram.com/nillusoficial/,https://nillus2021.wixsite.com/website/m%C3%BAsicas,external
Páginas internas Wix,contato,,https://nillus2021.wixsite.com/website/contato,https://nillus2021.wixsite.com/website/m%C3%BAsicas,internal
Redes sociais,Este site foi criado no Wix. Crie o seu hoje. Começar,,https://pt.wix.com/lp-pt/website-builder?orig_msid=00e4fb46-4e03-4fc4-aee4-e172fbc3f77d&adsVersion=banner_2024,https://nillus2021.wixsite.com/website/audiovisual,external
Páginas internas Wix,,,https://nillus2021.wixsite.com/website,https://nillus2021.wixsite.com/website/audiovisual,internal
Páginas internas Wix,Início,,https://nillus2021.wixsite.com/website,https://nillus2021.wixsite.com/website/audiovisual,internal
Páginas internas Wix,Discografia,,https://nillus2021.wixsite.com/website/discografia,https://nillus2021.wixsite.com/website/audiovisual,internal
Páginas internas Wix,Músicas,,https://nillus2021.wixsite.com/website/músicas,https://nillus2021.wixsite.com/website/audiovisual,internal
Páginas internas Wix,Audiovisual,,https://nillus2021.wixsite.com/website/audiovisual,https://nillus2021.wixsite.com/website/audiovisual,internal
Páginas internas Wix,Mídias,,https://nillus2021.wixsite.com/website/notícias,https://nillus2021.wixsite.com/website/audiovisual,internal
Páginas internas Wix,Biografia,,https://nillus2021.wixsite.com/website/biografia,https://nillus2021.wixsite.com/website/audiovisual,internal
Páginas internas Wix,Galeria,,https://nillus2021.wixsite.com/website/galeria,https://nillus2021.wixsite.com/website/audiovisual,internal
Páginas internas Wix,Literatura,,https://nillus2021.wixsite.com/website/literatura,https://nillus2021.wixsite.com/website/audiovisual,internal
Páginas internas Wix,Prêmios,,https://nillus2021.wixsite.com/website/nilluslcantorlcompositorlpoetalmineiro,https://nillus2021.wixsite.com/website/audiovisual,internal
Páginas internas Wix,Teatro&Cinema,,https://nillus2021.wixsite.com/website/teatro-cinema,https://nillus2021.wixsite.com/website/audiovisual,internal
Páginas internas Wix,Canhão Handball,,https://nillus2021.wixsite.com/website/canhão-handball,https://nillus2021.wixsite.com/website/audiovisual,internal
Páginas internas Wix,Contato,,https://nillus2021.wixsite.com/website/contato,https://nillus2021.wixsite.com/website/audiovisual,internal
Redes sociais,,,https://www.facebook.com/nil.lus.5,https://nillus2021.wixsite.com/website/audiovisual,external
YouTube,,,https://www.youtube.com/channel/UCUqyv0K5bz3rEK5EPdZmsHg,https://nillus2021.wixsite.com/website/audiovisual,external
Redes sociais,,,https://www.instagram.com/nillusoficial/,https://nillus2021.wixsite.com/website/audiovisual,external
Páginas internas Wix,contato,,https://nillus2021.wixsite.com/website/contato,https://nillus2021.wixsite.com/website/audiovisual,internal
Redes sociais,Este site foi criado no Wix. Crie o seu hoje. Começar,,https://pt.wix.com/lp-pt/website-builder?orig_msid=00e4fb46-4e03-4fc4-aee4-e172fbc3f77d&adsVersion=banner_2024,https://nillus2021.wixsite.com/website/not%C3%ADcias,external
Páginas internas Wix,,,https://nillus2021.wixsite.com/website,https://nillus2021.wixsite.com/website/not%C3%ADcias,internal
Páginas internas Wix,Início,,https://nillus2021.wixsite.com/website,https://nillus2021.wixsite.com/website/not%C3%ADcias,internal
Páginas internas Wix,Discografia,,https://nillus2021.wixsite.com/website/discografia,https://nillus2021.wixsite.com/website/not%C3%ADcias,internal
Páginas internas Wix,Músicas,,https://nillus2021.wixsite.com/website/músicas,https://nillus2021.wixsite.com/website/not%C3%ADcias,internal
Páginas internas Wix,Audiovisual,,https://nillus2021.wixsite.com/website/audiovisual,https://nillus2021.wixsite.com/website/not%C3%ADcias,internal
Páginas internas Wix,Mídias,,https://nillus2021.wixsite.com/website/notícias,https://nillus2021.wixsite.com/website/not%C3%ADcias,internal
Páginas internas Wix,Biografia,,https://nillus2021.wixsite.com/website/biografia,https://nillus2021.wixsite.com/website/not%C3%ADcias,internal
Páginas internas Wix,Galeria,,https://nillus2021.wixsite.com/website/galeria,https://nillus2021.wixsite.com/website/not%C3%ADcias,internal
Páginas internas Wix,Literatura,,https://nillus2021.wixsite.com/website/literatura,https://nillus2021.wixsite.com/website/not%C3%ADcias,internal
Páginas internas Wix,Prêmios,,https://nillus2021.wixsite.com/website/nilluslcantorlcompositorlpoetalmineiro,https://nillus2021.wixsite.com/website/not%C3%ADcias,internal
Páginas internas Wix,Teatro&Cinema,,https://nillus2021.wixsite.com/website/teatro-cinema,https://nillus2021.wixsite.com/website/not%C3%ADcias,internal
Páginas internas Wix,Canhão Handball,,https://nillus2021.wixsite.com/website/canhão-handball,https://nillus2021.wixsite.com/website/not%C3%ADcias,internal
Páginas internas Wix,Contato,,https://nillus2021.wixsite.com/website/contato,https://nillus2021.wixsite.com/website/not%C3%ADcias,internal
Redes sociais,,,https://www.facebook.com/nil.lus.5,https://nillus2021.wixsite.com/website/not%C3%ADcias,external
YouTube,,,https://www.youtube.com/channel/UCUqyv0K5bz3rEK5EPdZmsHg,https://nillus2021.wixsite.com/website/not%C3%ADcias,external
Redes sociais,,,https://www.instagram.com/nillusoficial/,https://nillus2021.wixsite.com/website/not%C3%ADcias,external
Páginas internas Wix,contato,,https://nillus2021.wixsite.com/website/contato,https://nillus2021.wixsite.com/website/not%C3%ADcias,internal
Redes sociais,Este site foi criado no Wix. Crie o seu hoje. Começar,,https://pt.wix.com/lp-pt/website-builder?orig_msid=00e4fb46-4e03-4fc4-aee4-e172fbc3f77d&adsVersion=banner_2024,https://nillus2021.wixsite.com/website/biografia,external
Páginas internas Wix,,,https://nillus2021.wixsite.com/website,https://nillus2021.wixsite.com/website/biografia,internal
Páginas internas Wix,Início,,https://nillus2021.wixsite.com/website,https://nillus2021.wixsite.com/website/biografia,internal
Páginas internas Wix,Discografia,,https://nillus2021.wixsite.com/website/discografia,https://nillus2021.wixsite.com/website/biografia,internal
Páginas internas Wix,Músicas,,https://nillus2021.wixsite.com/website/músicas,https://nillus2021.wixsite.com/website/biografia,internal
Páginas internas Wix,Audiovisual,,https://nillus2021.wixsite.com/website/audiovisual,https://nillus2021.wixsite.com/website/biografia,internal
Páginas internas Wix,Mídias,,https://nillus2021.wixsite.com/website/notícias,https://nillus2021.wixsite.com/website/biografia,internal
Páginas internas Wix,Biografia,,https://nillus2021.wixsite.com/website/biografia,https://nillus2021.wixsite.com/website/biografia,internal
Páginas internas Wix,Galeria,,https://nillus2021.wixsite.com/website/galeria,https://nillus2021.wixsite.com/website/biografia,internal
Páginas internas Wix,Literatura,,https://nillus2021.wixsite.com/website/literatura,https://nillus2021.wixsite.com/website/biografia,internal
Páginas internas Wix,Prêmios,,https://nillus2021.wixsite.com/website/nilluslcantorlcompositorlpoetalmineiro,https://nillus2021.wixsite.com/website/biografia,internal
Páginas internas Wix,Teatro&Cinema,,https://nillus2021.wixsite.com/website/teatro-cinema,https://nillus2021.wixsite.com/website/biografia,internal
Páginas internas Wix,Canhão Handball,,https://nillus2021.wixsite.com/website/canhão-handball,https://nillus2021.wixsite.com/website/biografia,internal
Páginas internas Wix,Contato,,https://nillus2021.wixsite.com/website/contato,https://nillus2021.wixsite.com/website/biografia,internal
Redes sociais,,,https://www.facebook.com/nil.lus.5,https://nillus2021.wixsite.com/website/biografia,external
YouTube,,,https://www.youtube.com/channel/UCUqyv0K5bz3rEK5EPdZmsHg,https://nillus2021.wixsite.com/website/biografia,external
Redes sociais,,,https://www.instagram.com/nillusoficial/,https://nillus2021.wixsite.com/website/biografia,external
Páginas internas Wix,contato,,https://nillus2021.wixsite.com/website/contato,https://nillus2021.wixsite.com/website/biografia,internal
Redes sociais,Este site foi criado no Wix. Crie o seu hoje. Começar,,https://pt.wix.com/lp-pt/website-builder?orig_msid=00e4fb46-4e03-4fc4-aee4-e172fbc3f77d&adsVersion=banner_2024,https://nillus2021.wixsite.com/website/galeria,external
Páginas internas Wix,,,https://nillus2021.wixsite.com/website,https://nillus2021.wixsite.com/website/galeria,internal
Páginas internas Wix,Início,,https://nillus2021.wixsite.com/website,https://nillus2021.wixsite.com/website/galeria,internal
Páginas internas Wix,Discografia,,https://nillus2021.wixsite.com/website/discografia,https://nillus2021.wixsite.com/website/galeria,internal
Páginas internas Wix,Músicas,,https://nillus2021.wixsite.com/website/músicas,https://nillus2021.wixsite.com/website/galeria,internal
Páginas internas Wix,Audiovisual,,https://nillus2021.wixsite.com/website/audiovisual,https://nillus2021.wixsite.com/website/galeria,internal
Páginas internas Wix,Mídias,,https://nillus2021.wixsite.com/website/notícias,https://nillus2021.wixsite.com/website/galeria,internal
Páginas internas Wix,Biografia,,https://nillus2021.wixsite.com/website/biografia,https://nillus2021.wixsite.com/website/galeria,internal
Páginas internas Wix,Galeria,,https://nillus2021.wixsite.com/website/galeria,https://nillus2021.wixsite.com/website/galeria,internal
Páginas internas Wix,Literatura,,https://nillus2021.wixsite.com/website/literatura,https://nillus2021.wixsite.com/website/galeria,internal
Páginas internas Wix,Prêmios,,https://nillus2021.wixsite.com/website/nilluslcantorlcompositorlpoetalmineiro,https://nillus2021.wixsite.com/website/galeria,internal
Páginas internas Wix,Teatro&Cinema,,https://nillus2021.wixsite.com/website/teatro-cinema,https://nillus2021.wixsite.com/website/galeria,internal
Páginas internas Wix,Canhão Handball,,https://nillus2021.wixsite.com/website/canhão-handball,https://nillus2021.wixsite.com/website/galeria,internal
Páginas internas Wix,Contato,,https://nillus2021.wixsite.com/website/contato,https://nillus2021.wixsite.com/website/galeria,internal
Redes sociais,,,https://www.facebook.com/nil.lus.5,https://nillus2021.wixsite.com/website/galeria,external
YouTube,,,https://www.youtube.com/channel/UCUqyv0K5bz3rEK5EPdZmsHg,https://nillus2021.wixsite.com/website/galeria,external
Redes sociais,,,https://www.instagram.com/nillusoficial/,https://nillus2021.wixsite.com/website/galeria,external
Páginas internas Wix,contato,,https://nillus2021.wixsite.com/website/contato,https://nillus2021.wixsite.com/website/galeria,internal
Redes sociais,Este site foi criado no Wix. Crie o seu hoje. Começar,,https://pt.wix.com/lp-pt/website-builder?orig_msid=00e4fb46-4e03-4fc4-aee4-e172fbc3f77d&adsVersion=banner_2024,https://nillus2021.wixsite.com/website/literatura,external
Páginas internas Wix,,,https://nillus2021.wixsite.com/website,https://nillus2021.wixsite.com/website/literatura,internal
Páginas internas Wix,Início,,https://nillus2021.wixsite.com/website,https://nillus2021.wixsite.com/website/literatura,internal
Páginas internas Wix,Discografia,,https://nillus2021.wixsite.com/website/discografia,https://nillus2021.wixsite.com/website/literatura,internal
Páginas internas Wix,Músicas,,https://nillus2021.wixsite.com/website/músicas,https://nillus2021.wixsite.com/website/literatura,internal
Páginas internas Wix,Audiovisual,,https://nillus2021.wixsite.com/website/audiovisual,https://nillus2021.wixsite.com/website/literatura,internal
Páginas internas Wix,Mídias,,https://nillus2021.wixsite.com/website/notícias,https://nillus2021.wixsite.com/website/literatura,internal
Páginas internas Wix,Biografia,,https://nillus2021.wixsite.com/website/biografia,https://nillus2021.wixsite.com/website/literatura,internal
Páginas internas Wix,Galeria,,https://nillus2021.wixsite.com/website/galeria,https://nillus2021.wixsite.com/website/literatura,internal
Páginas internas Wix,Literatura,,https://nillus2021.wixsite.com/website/literatura,https://nillus2021.wixsite.com/website/literatura,internal
Páginas internas Wix,Prêmios,,https://nillus2021.wixsite.com/website/nilluslcantorlcompositorlpoetalmineiro,https://nillus2021.wixsite.com/website/literatura,internal
Páginas internas Wix,Teatro&Cinema,,https://nillus2021.wixsite.com/website/teatro-cinema,https://nillus2021.wixsite.com/website/literatura,internal
Páginas internas Wix,Canhão Handball,,https://nillus2021.wixsite.com/website/canhão-handball,https://nillus2021.wixsite.com/website/literatura,internal
Páginas internas Wix,Contato,,https://nillus2021.wixsite.com/website/contato,https://nillus2021.wixsite.com/website/literatura,internal
Redes sociais,,,https://www.facebook.com/nil.lus.5,https://nillus2021.wixsite.com/website/literatura,external
YouTube,,,https://www.youtube.com/channel/UCUqyv0K5bz3rEK5EPdZmsHg,https://nillus2021.wixsite.com/website/literatura,external
Redes sociais,,,https://www.instagram.com/nillusoficial/,https://nillus2021.wixsite.com/website/literatura,external
Páginas internas Wix,contato,,https://nillus2021.wixsite.com/website/contato,https://nillus2021.wixsite.com/website/literatura,internal
Redes sociais,Este site foi criado no Wix. Crie o seu hoje. Começar,,https://pt.wix.com/lp-pt/website-builder?orig_msid=00e4fb46-4e03-4fc4-aee4-e172fbc3f77d&adsVersion=banner_2024,https://nillus2021.wixsite.com/website/nilluslcantorlcompositorlpoetalmineiro,external
Páginas internas Wix,,,https://nillus2021.wixsite.com/website,https://nillus2021.wixsite.com/website/nilluslcantorlcompositorlpoetalmineiro,internal
Páginas internas Wix,Início,,https://nillus2021.wixsite.com/website,https://nillus2021.wixsite.com/website/nilluslcantorlcompositorlpoetalmineiro,internal
Páginas internas Wix,Discografia,,https://nillus2021.wixsite.com/website/discografia,https://nillus2021.wixsite.com/website/nilluslcantorlcompositorlpoetalmineiro,internal
Páginas internas Wix,Músicas,,https://nillus2021.wixsite.com/website/músicas,https://nillus2021.wixsite.com/website/nilluslcantorlcompositorlpoetalmineiro,internal
Páginas internas Wix,Audiovisual,,https://nillus2021.wixsite.com/website/audiovisual,https://nillus2021.wixsite.com/website/nilluslcantorlcompositorlpoetalmineiro,internal
Páginas internas Wix,Mídias,,https://nillus2021.wixsite.com/website/notícias,https://nillus2021.wixsite.com/website/nilluslcantorlcompositorlpoetalmineiro,internal
Páginas internas Wix,Biografia,,https://nillus2021.wixsite.com/website/biografia,https://nillus2021.wixsite.com/website/nilluslcantorlcompositorlpoetalmineiro,internal
Páginas internas Wix,Galeria,,https://nillus2021.wixsite.com/website/galeria,https://nillus2021.wixsite.com/website/nilluslcantorlcompositorlpoetalmineiro,internal
Páginas internas Wix,Literatura,,https://nillus2021.wixsite.com/website/literatura,https://nillus2021.wixsite.com/website/nilluslcantorlcompositorlpoetalmineiro,internal
Páginas internas Wix,Prêmios,,https://nillus2021.wixsite.com/website/nilluslcantorlcompositorlpoetalmineiro,https://nillus2021.wixsite.com/website/nilluslcantorlcompositorlpoetalmineiro,internal
Páginas internas Wix,Teatro&Cinema,,https://nillus2021.wixsite.com/website/teatro-cinema,https://nillus2021.wixsite.com/website/nilluslcantorlcompositorlpoetalmineiro,internal
Páginas internas Wix,Canhão Handball,,https://nillus2021.wixsite.com/website/canhão-handball,https://nillus2021.wixsite.com/website/nilluslcantorlcompositorlpoetalmineiro,internal
Páginas internas Wix,Contato,,https://nillus2021.wixsite.com/website/contato,https://nillus2021.wixsite.com/website/nilluslcantorlcompositorlpoetalmineiro,internal
Redes sociais,,,https://www.facebook.com/nil.lus.5,https://nillus2021.wixsite.com/website/nilluslcantorlcompositorlpoetalmineiro,external
YouTube,,,https://www.youtube.com/channel/UCUqyv0K5bz3rEK5EPdZmsHg,https://nillus2021.wixsite.com/website/nilluslcantorlcompositorlpoetalmineiro,external
Redes sociais,,,https://www.instagram.com/nillusoficial/,https://nillus2021.wixsite.com/website/nilluslcantorlcompositorlpoetalmineiro,external
Páginas internas Wix,contato,,https://nillus2021.wixsite.com/website/contato,https://nillus2021.wixsite.com/website/nilluslcantorlcompositorlpoetalmineiro,internal
Redes sociais,Este site foi criado no Wix. Crie o seu hoje. Começar,,https://pt.wix.com/lp-pt/website-builder?orig_msid=00e4fb46-4e03-4fc4-aee4-e172fbc3f77d&adsVersion=banner_2024,https://nillus2021.wixsite.com/website/teatro-cinema,external
Páginas internas Wix,,,https://nillus2021.wixsite.com/website,https://nillus2021.wixsite.com/website/teatro-cinema,internal
Páginas internas Wix,Início,,https://nillus2021.wixsite.com/website,https://nillus2021.wixsite.com/website/teatro-cinema,internal
Páginas internas Wix,Discografia,,https://nillus2021.wixsite.com/website/discografia,https://nillus2021.wixsite.com/website/teatro-cinema,internal
Páginas internas Wix,Músicas,,https://nillus2021.wixsite.com/website/músicas,https://nillus2021.wixsite.com/website/teatro-cinema,internal
Páginas internas Wix,Audiovisual,,https://nillus2021.wixsite.com/website/audiovisual,https://nillus2021.wixsite.com/website/teatro-cinema,internal
Páginas internas Wix,Mídias,,https://nillus2021.wixsite.com/website/notícias,https://nillus2021.wixsite.com/website/teatro-cinema,internal
Páginas internas Wix,Biografia,,https://nillus2021.wixsite.com/website/biografia,https://nillus2021.wixsite.com/website/teatro-cinema,internal
Páginas internas Wix,Galeria,,https://nillus2021.wixsite.com/website/galeria,https://nillus2021.wixsite.com/website/teatro-cinema,internal
Páginas internas Wix,Literatura,,https://nillus2021.wixsite.com/website/literatura,https://nillus2021.wixsite.com/website/teatro-cinema,internal
Páginas internas Wix,Prêmios,,https://nillus2021.wixsite.com/website/nilluslcantorlcompositorlpoetalmineiro,https://nillus2021.wixsite.com/website/teatro-cinema,internal
Páginas internas Wix,Teatro&Cinema,,https://nillus2021.wixsite.com/website/teatro-cinema,https://nillus2021.wixsite.com/website/teatro-cinema,internal
Páginas internas Wix,Canhão Handball,,https://nillus2021.wixsite.com/website/canhão-handball,https://nillus2021.wixsite.com/website/teatro-cinema,internal
Páginas internas Wix,Contato,,https://nillus2021.wixsite.com/website/contato,https://nillus2021.wixsite.com/website/teatro-cinema,internal
Redes sociais,,,https://www.facebook.com/nil.lus.5,https://nillus2021.wixsite.com/website/teatro-cinema,external
YouTube,,,https://www.youtube.com/channel/UCUqyv0K5bz3rEK5EPdZmsHg,https://nillus2021.wixsite.com/website/teatro-cinema,external
Redes sociais,,,https://www.instagram.com/nillusoficial/,https://nillus2021.wixsite.com/website/teatro-cinema,external
Páginas internas Wix,contato,,https://nillus2021.wixsite.com/website/contato,https://nillus2021.wixsite.com/website/teatro-cinema,internal
Redes sociais,Este site foi criado no Wix. Crie o seu hoje. Começar,,https://pt.wix.com/lp-pt/website-builder?orig_msid=00e4fb46-4e03-4fc4-aee4-e172fbc3f77d&adsVersion=banner_2024,https://nillus2021.wixsite.com/website/canh%C3%A3o-handball,external
Páginas internas Wix,,,https://nillus2021.wixsite.com/website,https://nillus2021.wixsite.com/website/canh%C3%A3o-handball,internal
Páginas internas Wix,Início,,https://nillus2021.wixsite.com/website,https://nillus2021.wixsite.com/website/canh%C3%A3o-handball,internal
Páginas internas Wix,Discografia,,https://nillus2021.wixsite.com/website/discografia,https://nillus2021.wixsite.com/website/canh%C3%A3o-handball,internal
Páginas internas Wix,Músicas,,https://nillus2021.wixsite.com/website/músicas,https://nillus2021.wixsite.com/website/canh%C3%A3o-handball,internal
Páginas internas Wix,Audiovisual,,https://nillus2021.wixsite.com/website/audiovisual,https://nillus2021.wixsite.com/website/canh%C3%A3o-handball,internal
Páginas internas Wix,Mídias,,https://nillus2021.wixsite.com/website/notícias,https://nillus2021.wixsite.com/website/canh%C3%A3o-handball,internal
Páginas internas Wix,Biografia,,https://nillus2021.wixsite.com/website/biografia,https://nillus2021.wixsite.com/website/canh%C3%A3o-handball,internal
Páginas internas Wix,Galeria,,https://nillus2021.wixsite.com/website/galeria,https://nillus2021.wixsite.com/website/canh%C3%A3o-handball,internal
Páginas internas Wix,Literatura,,https://nillus2021.wixsite.com/website/literatura,https://nillus2021.wixsite.com/website/canh%C3%A3o-handball,internal
Páginas internas Wix,Prêmios,,https://nillus2021.wixsite.com/website/nilluslcantorlcompositorlpoetalmineiro,https://nillus2021.wixsite.com/website/canh%C3%A3o-handball,internal
Páginas internas Wix,Teatro&Cinema,,https://nillus2021.wixsite.com/website/teatro-cinema,https://nillus2021.wixsite.com/website/canh%C3%A3o-handball,internal
Páginas internas Wix,Canhão Handball,,https://nillus2021.wixsite.com/website/canhão-handball,https://nillus2021.wixsite.com/website/canh%C3%A3o-handball,internal
Páginas internas Wix,Contato,,https://nillus2021.wixsite.com/website/contato,https://nillus2021.wixsite.com/website/canh%C3%A3o-handball,internal
Redes sociais,,,https://www.facebook.com/nil.lus.5,https://nillus2021.wixsite.com/website/canh%C3%A3o-handball,external
YouTube,,,https://www.youtube.com/channel/UCUqyv0K5bz3rEK5EPdZmsHg,https://nillus2021.wixsite.com/website/canh%C3%A3o-handball,external
Redes sociais,,,https://www.instagram.com/nillusoficial/,https://nillus2021.wixsite.com/website/canh%C3%A3o-handball,external
Páginas internas Wix,contato,,https://nillus2021.wixsite.com/website/contato,https://nillus2021.wixsite.com/website/canh%C3%A3o-handball,internal
Redes sociais,Este site foi criado no Wix. Crie o seu hoje. Começar,,https://pt.wix.com/lp-pt/website-builder?orig_msid=00e4fb46-4e03-4fc4-aee4-e172fbc3f77d&adsVersion=banner_2024,https://nillus2021.wixsite.com/website/contato,external
Páginas internas Wix,,,https://nillus2021.wixsite.com/website,https://nillus2021.wixsite.com/website/contato,internal
Páginas internas Wix,Início,,https://nillus2021.wixsite.com/website,https://nillus2021.wixsite.com/website/contato,internal
Páginas internas Wix,Discografia,,https://nillus2021.wixsite.com/website/discografia,https://nillus2021.wixsite.com/website/contato,internal
Páginas internas Wix,Músicas,,https://nillus2021.wixsite.com/website/músicas,https://nillus2021.wixsite.com/website/contato,internal
Páginas internas Wix,Audiovisual,,https://nillus2021.wixsite.com/website/audiovisual,https://nillus2021.wixsite.com/website/contato,internal
Páginas internas Wix,Mídias,,https://nillus2021.wixsite.com/website/notícias,https://nillus2021.wixsite.com/website/contato,internal
Páginas internas Wix,Biografia,,https://nillus2021.wixsite.com/website/biografia,https://nillus2021.wixsite.com/website/contato,internal
Páginas internas Wix,Galeria,,https://nillus2021.wixsite.com/website/galeria,https://nillus2021.wixsite.com/website/contato,internal
Páginas internas Wix,Literatura,,https://nillus2021.wixsite.com/website/literatura,https://nillus2021.wixsite.com/website/contato,internal
Páginas internas Wix,Prêmios,,https://nillus2021.wixsite.com/website/nilluslcantorlcompositorlpoetalmineiro,https://nillus2021.wixsite.com/website/contato,internal
Páginas internas Wix,Teatro&Cinema,,https://nillus2021.wixsite.com/website/teatro-cinema,https://nillus2021.wixsite.com/website/contato,internal
Páginas internas Wix,Canhão Handball,,https://nillus2021.wixsite.com/website/canhão-handball,https://nillus2021.wixsite.com/website/contato,internal
Páginas internas Wix,Contato,,https://nillus2021.wixsite.com/website/contato,https://nillus2021.wixsite.com/website/contato,internal
Contato,info@odarasprod.com,,mailto:info@odarasprod.com,https://nillus2021.wixsite.com/website/contato,email
Contato,booking@odarasprod.com,,mailto:booking@odarasprod.com,https://nillus2021.wixsite.com/website/contato,email
Contato,carlos@odarasprod.com,,mailto:carlos@odarasprod.com,https://nillus2021.wixsite.com/website/contato,email
Contato,brasil@odarasprod.com,,mailto:brasil@odarasprod.com,https://nillus2021.wixsite.com/website/contato,email
Outros links externos,www.myspace.com/odarasprod,,http://www.myspace.com/odarasprod,https://nillus2021.wixsite.com/website/contato,external
Redes sociais,,,https://www.facebook.com/nil.lus.5,https://nillus2021.wixsite.com/website/contato,external
YouTube,,,https://www.youtube.com/channel/UCUqyv0K5bz3rEK5EPdZmsHg,https://nillus2021.wixsite.com/website/contato,external
Redes sociais,,,https://www.instagram.com/nillusoficial/,https://nillus2021.wixsite.com/website/contato,external
Páginas internas Wix,contato,,https://nillus2021.wixsite.com/website/contato,https://nillus2021.wixsite.com/website/contato,internal
